label,x0,y0,x1,y1,x2,y2,x3,y3,x4,y4,x5,y5,x6,y6,x7,y7,x8,y8,x9,y9,x10,y10,x11,y11,x12,y12,x13,y13,x14,y14,x15,y15,x16,y16,x17,y17,x18,y18,x19,y19,x20,y20
A,0.0,0.0,-0.07660752534866333,-0.06097477674484253,-0.12160128355026245,-0.16862434148788452,-0.13336282968521118,-0.2626882493495941,-0.13050034642219543,-0.33837416768074036,-0.08059465885162354,-0.2672254145145416,-0.09102609753608704,-0.35532498359680176,-0.09083467721939087,-0.2759592533111572,-0.0822678804397583,-0.22139602899551392,-0.038113564252853394,-0.2752838134765625,-0.05132022500038147,-0.37366580963134766,-0.05423411726951599,-0.27514171600341797,-0.0434948205947876,-0.22799497842788696,0.00517582893371582,-0.27001526951789856,-0.004019796848297119,-0.37445080280303955,-0.012986958026885986,-0.2861388325691223,-0.005515754222869873,-0.23466092348098755,0.05219024419784546,-0.25290706753730774,0.04718005657196045,-0.3372027575969696,0.02950310707092285,-0.2826448678970337,0.028154075145721436,-0.24165436625480652
A,0.0,0.0,-0.036083102226257324,-0.11186075210571289,-0.033728718757629395,-0.22478723526000977,-0.015236496925354004,-0.3162127733230591,0.00855720043182373,-0.3808248043060303,0.02002042531967163,-0.2533091604709625,0.04344820976257324,-0.32305675745010376,0.022781014442443848,-0.2510327994823456,0.010855317115783691,-0.20779454708099365,0.056175410747528076,-0.21366912126541138,0.07342290878295898,-0.27479541301727295,0.043464720249176025,-0.19451922178268433,0.03499102592468262,-0.16737580299377441,0.08759468793869019,-0.1689084768295288,0.10219287872314453,-0.2226620316505432,0.06651544570922852,-0.1503458023071289,0.05340355634689331,-0.12565720081329346,0.11688649654388428,-0.1243593692779541,0.12486058473587036,-0.16718924045562744,0.09013175964355469,-0.1207658052444458,0.07778286933898926,-0.09851771593093872
A,0.0,0.0,0.12359032034873962,-0.046631693840026855,0.22781768441200256,-0.19357603788375854,0.26160380244255066,-0.33912035822868347,0.27136650681495667,-0.44969746470451355,0.15882191061973572,-0.3682222068309784,0.21170493960380554,-0.4377221167087555,0.1947476863861084,-0.3026702404022217,0.1716442108154297,-0.27457189559936523,0.08828631043434143,-0.37042686343193054,0.1484767198562622,-0.43077951669692993,0.13627174496650696,-0.2766643762588501,0.10701480507850647,-0.26275765895843506,0.02013525366783142,-0.35757511854171753,0.07117640972137451,-0.4224886894226074,0.0688912570476532,-0.27522337436676025,0.041890889406204224,-0.25436490774154663,-0.05482950806617737,-0.3376283645629883,-0.001737743616104126,-0.3976868689060211,0.007807940244674683,-0.294467568397522,-0.013895422220230103,-0.265862375497818
A,0.0,0.0,0.06141495704650879,-0.10681647062301636,0.07269567251205444,-0.2839711606502533,0.06314721703529358,-0.4049796760082245,0.05530059337615967,-0.4969576895236969,-0.03491926193237305,-0.3892406225204468,-0.009429872035980225,-0.4729624390602112,0.030731499195098877,-0.36149144172668457,0.03231459856033325,-0.30360350012779236,-0.09566664695739746,-0.3550174832344055,-0.04803675413131714,-0.42142391204833984,0.004323452711105347,-0.2965189814567566,0.0029702186584472656,-0.2538264989852905,-0.13944965600967407,-0.2917383015155792,-0.0749712586402893,-0.29261499643325806,-0.02331322431564331,-0.19312816858291626,-0.028866946697235107,-0.17284530401229858,-0.16901454329490662,-0.218034565448761,-0.10108491778373718,-0.19531017541885376,-0.05949559807777405,-0.13622701168060303,-0.06950098276138306,-0.130113422870636
B,0.0,0.0,-0.0745970606803894,-0.040656328201293945,-0.12452316284179688,-0.1439211368560791,-0.1204996109008789,-0.23083120584487915,-0.07656186819076538,-0.2077794075012207,-0.06564384698867798,-0.2847760021686554,-0.06564223766326904,-0.39273473620414734,-0.06382811069488525,-0.46099576354026794,-0.06064164638519287,-0.5221834480762482,-0.02268695831298828,-0.2969523072242737,-0.024618029594421387,-0.42009344696998596,-0.024889588356018066,-0.49819815158843994,-0.02489793300628662,-0.5671314895153046,0.01601862907409668,-0.2827104330062866,0.013919353485107422,-0.39922672510147095,0.012090563774108887,-0.4725804924964905,0.009141862392425537,-0.5378161668777466,0.05665320158004761,-0.24850434064865112,0.053058922290802,-0.34006112813949585,0.048884451389312744,-0.3990245461463928,0.04266965389251709,-0.45351314544677734
B,0.0,0.0,-0.010023832321166992,-0.11989355087280273,0.014632761478424072,-0.18077898025512695,0.03362858295440674,-0.22581949830055237,0.0504612922668457,-0.2420511245727539,0.11034786701202393,-0.21982377767562866,0.13437896966934204,-0.30625706911087036,0.1544826626777649,-0.37533771991729736,0.17469441890716553,-0.4232698082923889,0.11270797252655029,-0.20571157336235046,0.14902085065841675,-0.32392388582229614,0.17444539070129395,-0.4032226502895355,0.20069646835327148,-0.4680176377296448,0.10602706670761108,-0.19164913892745972,0.1395885944366455,-0.3083227872848511,0.16453814506530762,-0.38453245162963867,0.19248342514038086,-0.4455215036869049,0.09377789497375488,-0.18645566701889038,0.12494111061096191,-0.2719367742538452,0.14669710397720337,-0.3321537375450134,0.17122215032577515,-0.3824061155319214
B,0.0,0.0,0.11020120978355408,-0.05717182159423828,0.19094499945640564,-0.1835499405860901,0.1924302577972412,-0.28297191858291626,0.1313892900943756,-0.2629889249801636,0.1187410056591034,-0.3904973268508911,0.11918655037879944,-0.5423575937747955,0.11769264936447144,-0.6375564634799957,0.11729303002357483,-0.7268132865428925,0.05833917856216431,-0.40112605690956116,0.06263825297355652,-0.5746993720531464,0.06872767210006714,-0.6923761367797852,0.0732886791229248,-0.800993025302887,0.0023021847009658813,-0.37629809975624084,0.003448992967605591,-0.5425781011581421,0.0095863938331604,-0.6504371166229248,0.014602452516555786,-0.7514824271202087,-0.05491410195827484,-0.3256317377090454,-0.054904744029045105,-0.4614858627319336,-0.045539870858192444,-0.5491622686386108,-0.03289245069026947,-0.6374139189720154
B,0.0,0.0,0.049770355224609375,-0.11139214038848877,0.031853705644607544,-0.2306591272354126,0.011962801218032837,-0.3021971583366394,0.004199385643005371,-0.3233715891838074,-0.07249480485916138,-0.35490769147872925,-0.12978628277778625,-0.4752193093299866,-0.159835547208786,-0.5567798018455505,-0.18066070973873138,-0.6288770735263824,-0.08618238568305969,-0.34607499837875366,-0.1536349356174469,-0.4935133755207062,-0.1803896725177765,-0.5989533960819244,-0.1988508254289627,-0.6888640224933624,-0.09250026941299438,-0.31469255685806274,-0.1598357856273651,-0.4601326882839203,-0.18252454698085785,-0.5605810880661011,-0.20133517682552338,-0.6466332077980042,-0.08777368068695068,-0.26947277784347534,-0.1340581178665161,-0.37338387966156006,-0.156831294298172,-0.4541320204734802,-0.17607846856117249,-0.5297336876392365
C,0.0,0.0,0.1291162669658661,-0.011583507061004639,0.21722820401191711,-0.06201809644699097,0.28281089663505554,-0.08812946081161499,0.32307371497154236,-0.14248883724212646,0.18645116686820984,-0.2718813717365265,0.2417316436767578,-0.38121485710144043,0.30068761110305786,-0.374394953250885,0.3417190909385681,-0.33454668521881104,0.158778578042984,-0.2861401438713074,0.2262982428073883,-0.4227389097213745,0.29883286356925964,-0.3970940113067627,0.3367770314216614,-0.32762831449508667,0.1302310824394226,-0.28778037428855896,0.19789469242095947,-0.41844648122787476,0.2735680639743805,-0.39298105239868164,0.3171214759349823,-0.33183521032333374,0.10574796795845032,-0.2673194408416748,0.16762784123420715,-0.371395081281662,0.22956231236457825,-0.3783506453037262,0.27496927976608276,-0.34903353452682495
C,0.0,0.0,0.1004229485988617,0.009104132652282715,0.19807231426239014,-0.0326654314994812,0.2674526274204254,-0.04345369338989258,0.31155696511268616,-0.09728240966796875,0.1800069510936737,-0.24752432107925415,0.23517215251922607,-0.3895706832408905,0.2890216112136841,-0.3526724576950073,0.31359586119651794,-0.2934064269065857,0.14449149370193481,-0.2654990553855896,0.2081897258758545,-0.4328203499317169,0.26982492208480835,-0.3729983866214752,0.28309956192970276,-0.2904769778251648,0.1003776490688324,-0.27028143405914307,0.15382429957389832,-0.4258526712656021,0.21938887238502502,-0.3734831213951111,0.23788601160049438,-0.2966403365135193,0.05122449994087219,-0.25876736640930176,0.09968772530555725,-0.37506431341171265,0.1598653495311737,-0.36383187770843506,0.19051572680473328,-0.31858178973197937
C,0.0,0.0,-0.09500283002853394,-0.026955008506774902,-0.17822891473770142,-0.07815724611282349,-0.24181434512138367,-0.0965261459350586,-0.27828647196292877,-0.1310458779335022,-0.12916287779808044,-0.24934667348861694,-0.17628571391105652,-0.35700559616088867,-0.23722589015960693,-0.35902202129364014,-0.28096526861190796,-0.32732290029525757,-0.10914349555969238,-0.25820112228393555,-0.16514360904693604,-0.39581379294395447,-0.23290055990219116,-0.3847377896308899,-0.269441157579422,-0.3281087577342987,-0.0887458324432373,-0.25327879190444946,-0.13121876120567322,-0.3873574435710907,-0.20513498783111572,-0.37766921520233154,-0.24961593747138977,-0.32774633169174194,-0.07510024309158325,-0.23036512732505798,-0.11806076765060425,-0.32218822836875916,-0.17862311005592346,-0.3365671634674072,-0.2246462106704712,-0.3164794445037842
C,0.0,0.0,-0.07945069670677185,-0.020155787467956543,-0.15409725904464722,-0.07190698385238647,-0.2166968733072281,-0.0982283353805542,-0.2152007818222046,-0.157429039478302,-0.10455980896949768,-0.25621727108955383,-0.12769711017608643,-0.3797511160373688,-0.1809729039669037,-0.3814433813095093,-0.22201007604599,-0.34949827194213867,-0.0742219090461731,-0.26527172327041626,-0.09991276264190674,-0.4141390919685364,-0.15875083208084106,-0.40015238523483276,-0.1958254873752594,-0.3435709774494171,-0.04102310538291931,-0.2634294629096985,-0.05517911911010742,-0.40021654963493347,-0.11476027965545654,-0.4015817642211914,-0.15638995170593262,-0.358397901058197,-0.005277574062347412,-0.24404394626617432,-0.022909045219421387,-0.34064343571662903,-0.0687909722328186,-0.3707275986671448,-0.10932794213294983,-0.3668713867664337
D,0.0,0.0,0.11645640432834625,-0.09068453311920166,0.19427691400051117,-0.17654699087142944,0.2543434053659439,-0.21966403722763062,0.3131800442934036,-0.2605960965156555,0.19417016208171844,-0.31815654039382935,0.2398301512002945,-0.46179038286209106,0.2632390111684799,-0.560097873210907,0.2799798399209976,-0.642578661441803,0.17706935107707977,-0.29551440477371216,0.33488549292087555,-0.3272659182548523,0.40901364386081696,-0.2492353320121765,0.4251825362443924,-0.1659226417541504,0.16814850270748138,-0.23509258031845093,0.322626069188118,-0.27572619915008545,0.39710845053195953,-0.20547455549240112,0.4219116121530533,-0.13741689920425415,0.1749729961156845,-0.16517150402069092,0.2867625802755356,-0.21704161167144775,0.34625060856342316,-0.19579315185546875,0.38049711287021637,-0.15993058681488037
D,0.0,0.0,0.08499978482723236,-0.11092835664749146,0.15031661093235016,-0.19536888599395752,0.21281246840953827,-0.23786771297454834,0.26988254487514496,-0.2549694776535034,0.16154299676418304,-0.29352620244026184,0.22385965287685394,-0.42853981256484985,0.26296477019786835,-0.519367516040802,0.2889961451292038,-0.5980966985225677,0.14886973798274994,-0.25380653142929077,0.3031327575445175,-0.27285468578338623,0.3789639323949814,-0.2223554253578186,0.40775369107723236,-0.17097234725952148,0.14765234291553497,-0.17808747291564941,0.29602451622486115,-0.21149247884750366,0.3708558529615402,-0.17416030168533325,0.4034018963575363,-0.13580191135406494,0.16122667491436005,-0.09823048114776611,0.2725715786218643,-0.13051337003707886,0.3317990154027939,-0.12822729349136353,0.3724350780248642,-0.11982941627502441
D,0.0,0.0,-0.05514782667160034,-0.11671435832977295,-0.0930335521697998,-0.21330833435058594,-0.12671992182731628,-0.278247594833374,-0.16683143377304077,-0.3218589723110199,-0.035381317138671875,-0.32014188170433044,-0.08261308073997498,-0.455862820148468,-0.11643403768539429,-0.5400383174419403,-0.15275651216506958,-0.6117058992385864,-0.01564425230026245,-0.269692063331604,-0.15184086561203003,-0.3361144959926605,-0.24164029955863953,-0.3062984347343445,-0.29793012142181396,-0.26949918270111084,-0.021057426929473877,-0.20415252447128296,-0.15443122386932373,-0.2609195113182068,-0.23749098181724548,-0.23672837018966675,-0.28601759672164917,-0.2067934274673462,-0.04109188914299011,-0.13962936401367188,-0.14083904027938843,-0.188778817653656,-0.204229474067688,-0.18569707870483398,-0.24723052978515625,-0.17544931173324585
D,0.0,0.0,-0.09184849262237549,-0.11094093322753906,-0.1388869285583496,-0.20298421382904053,-0.17333626747131348,-0.26761025190353394,-0.21121656894683838,-0.31159985065460205,-0.05369064211845398,-0.33772242069244385,-0.09343162178993225,-0.46693289279937744,-0.12886375188827515,-0.5483608543872833,-0.1706853210926056,-0.6130126416683197,-0.02204185724258423,-0.2854914665222168,-0.15609562397003174,-0.32664597034454346,-0.24825918674468994,-0.2866814136505127,-0.30827678740024567,-0.24371302127838135,-0.018671810626983643,-0.21328920125961304,-0.15850681066513062,-0.24340593814849854,-0.24753201007843018,-0.21506470441818237,-0.30349870026111603,-0.18506795167922974,-0.034066975116729736,-0.13953804969787598,-0.1444447934627533,-0.17393893003463745,-0.21577957272529602,-0.1714673638343811,-0.26493626832962036,-0.16406196355819702
E,0.0,0.0,0.12249675393104553,-0.02369105815887451,0.22029677033424377,-0.14495354890823364,0.2568024694919586,-0.26042473316192627,0.21485844254493713,-0.2699064016342163,0.1728346347808838,-0.3805120885372162,0.1970987617969513,-0.5500718057155609,0.21440505981445312,-0.4618013799190521,0.19690445065498352,-0.37414661049842834,0.10564953088760376,-0.3955891728401184,0.125654935836792,-0.6028035581111908,0.1487807333469391,-0.4875761866569519,0.13220283389091492,-0.39136624336242676,0.03919702768325806,-0.38560542464256287,0.04861325025558472,-0.5769008547067642,0.07845738530158997,-0.4728555679321289,0.07096579670906067,-0.3842581808567047,-0.032809361815452576,-0.35946890711784363,-0.024554818868637085,-0.5082895755767822,0.004702061414718628,-0.4545685052871704,0.004163771867752075,-0.38730210065841675
E,0.0,0.0,0.1108255684375763,-0.05784308910369873,0.15940222144126892,-0.18073129653930664,0.18381601572036743,-0.25542593002319336,0.1734808385372162,-0.28465068340301514,0.12512850761413574,-0.3574146032333374,0.1452876329421997,-0.5230192840099335,0.1881164014339447,-0.4654982089996338,0.18605703115463257,-0.38708141446113586,0.08985832333564758,-0.3614848852157593,0.10628676414489746,-0.5614627003669739,0.15820926427841187,-0.47365015745162964,0.15646061301231384,-0.38323065638542175,0.0476548969745636,-0.3546089828014374,0.0548575222492218,-0.5327795743942261,0.10669201612472534,-0.4503699839115143,0.10842034220695496,-0.3632892966270447,0.0012936294078826904,-0.3320532739162445,0.01067301630973816,-0.48021063208580017,0.054330646991729736,-0.4381236433982849,0.06422889232635498,-0.36208564043045044
E,0.0,0.0,-0.08581435680389404,-0.025976717472076416,-0.16327214241027832,-0.12457960844039917,-0.17439204454421997,-0.2058669924736023,-0.11509373784065247,-0.1971350908279419,-0.10811856389045715,-0.3191312253475189,-0.11546313762664795,-0.47228866815567017,-0.1232953667640686,-0.3934282958507538,-0.11457115411758423,-0.3131676912307739,-0.04815515875816345,-0.3324805796146393,-0.046036213636398315,-0.5063901841640472,-0.05869206786155701,-0.4052395224571228,-0.053707629442214966,-0.3267814517021179,0.0099639892578125,-0.32047611474990845,0.015586912631988525,-0.47913551330566406,-0.003840506076812744,-0.3911385238170624,-0.0053865909576416016,-0.3133665919303894,0.0687372088432312,-0.2898571789264679,0.07306122779846191,-0.4147592782974243,0.050119757652282715,-0.3751456141471863,0.04189038276672363,-0.319884330034256
E,0.0,0.0,-0.07104474306106567,-0.060912132263183594,-0.10726207494735718,-0.1673053503036499,-0.12083360552787781,-0.25951987504959106,-0.09721964597702026,-0.24379485845565796,-0.04617384076118469,-0.33157119154930115,-0.03572118282318115,-0.4648929834365845,-0.08339753746986389,-0.42103737592697144,-0.08667021989822388,-0.35402727127075195,-0.017300426959991455,-0.3323374390602112,0.003510087728500366,-0.49954891204833984,-0.05696338415145874,-0.4332815706729889,-0.0596005916595459,-0.36538755893707275,0.0125693678855896,-0.3162008225917816,0.04114505648612976,-0.4608996510505676,-0.019352316856384277,-0.4017467200756073,-0.02804166078567505,-0.34073537588119507,0.045943498611450195,-0.28297972679138184,0.06244748830795288,-0.4081098735332489,0.01683029532432556,-0.3842882513999939,0.008698791265487671,-0.3317335844039917
G,0.0,0.0,0.05180265009403229,-0.16876816749572754,0.12365011870861053,-0.3143751621246338,0.18095271289348602,-0.4450701177120209,0.21280790865421295,-0.5387333631515503,0.23760364949703217,-0.22676151990890503,0.4025004357099533,-0.2638234496116638,0.49617426097393036,-0.28395599126815796,0.56725113093853,-0.29458296298980713,0.26144395768642426,-0.11963993310928345,0.36803244054317474,-0.1433277726173401,0.32397155463695526,-0.1451311707496643,0.2718418687582016,-0.13865059614181519,0.26221878826618195,-0.009205162525177002,0.35541532933712006,-0.04813319444656372,0.31997235119342804,-0.04539358615875244,0.27143867313861847,-0.03499060869216919,0.2556319683790207,0.09126222133636475,0.3405643552541733,0.04495429992675781,0.3046618849039078,0.04336470365524292,0.2636153846979141,0.0555342435836792
G,0.0,0.0,0.06006525456905365,-0.11881446838378906,0.1554269939661026,-0.2673989534378052,0.2086690217256546,-0.40930813550949097,0.22993843257427216,-0.5401684641838074,0.1661817878484726,-0.2239423394203186,0.33430223166942596,-0.25427234172821045,0.43928857147693634,-0.26661014556884766,0.5253971368074417,-0.2688030004501343,0.14468146860599518,-0.11736345291137695,0.3593858629465103,-0.07628458738327026,0.30456383526325226,-0.059929609298706055,0.22335968911647797,-0.06296634674072266,0.13187821209430695,0.007194638252258301,0.33383311331272125,0.034167468547821045,0.2791731506586075,0.03280848264694214,0.20248951017856598,0.027890264987945557,0.1282280832529068,0.1211162805557251,0.2830038219690323,0.12138080596923828,0.23363475501537323,0.11275255680084229,0.167399600148201,0.10071271657943726
G,0.0,0.0,-0.037927448749542236,-0.13697892427444458,-0.11096787452697754,-0.26768115162849426,-0.17112943530082703,-0.3831041753292084,-0.22891652584075928,-0.42127174139022827,-0.1718229353427887,-0.17835760116577148,-0.32921791076660156,-0.19893771409988403,-0.41735583543777466,-0.21665459871292114,-0.4892023503780365,-0.22116076946258545,-0.18065762519836426,-0.07939934730529785,-0.321990430355072,-0.07452970743179321,-0.27414295077323914,-0.08866119384765625,-0.21356770396232605,-0.0940198302268982,-0.17772835493087769,0.018531203269958496,-0.3047916889190674,0.012533962726593018,-0.26005640625953674,-0.0021965503692626953,-0.206333190202713,-0.0069539546966552734,-0.17257320880889893,0.10056513547897339,-0.2776680588722229,0.07788413763046265,-0.2380131483078003,0.06640458106994629,-0.19196420907974243,0.07015800476074219
G,0.0,0.0,-0.050939202308654785,-0.12710970640182495,-0.12688952684402466,-0.27198731899261475,-0.17602726817131042,-0.38588228821754456,-0.22293132543563843,-0.44822919368743896,-0.10156428813934326,-0.19443827867507935,-0.2175804078578949,-0.2388465404510498,-0.2992197275161743,-0.26542580127716064,-0.3695249557495117,-0.2784806489944458,-0.09516251087188721,-0.09788554906845093,-0.2832760810852051,-0.07688689231872559,-0.26067331433296204,-0.06857490539550781,-0.20874005556106567,-0.07142078876495361,-0.09571295976638794,0.004457592964172363,-0.2739381492137909,0.017093360424041748,-0.24185186624526978,0.009735345840454102,-0.1830393373966217,-0.0007954835891723633,-0.09946292638778687,0.09627807140350342,-0.22818517684936523,0.09294825792312622,-0.20329180359840393,0.07205313444137573,-0.15718185901641846,0.06024044752120972
H,0.0,0.0,0.09508214890956879,-0.015044867992401123,0.17692001163959503,-0.05876278877258301,0.22960494458675385,-0.07849794626235962,0.2668018490076065,-0.10245990753173828,0.16165824234485626,-0.22583729028701782,0.22593100368976593,-0.28190186619758606,0.2487034648656845,-0.22861123085021973,0.25117699801921844,-0.1663385033607483,0.14942680299282074,-0.24051564931869507,0.22177238762378693,-0.3156713843345642,0.27742041647434235,-0.3614608943462372,0.3179359585046768,-0.408951997756958,0.12478460371494293,-0.23939365148544312,0.17996905744075775,-0.3472558856010437,0.21940259635448456,-0.41796672344207764,0.24912147223949432,-0.4789537787437439,0.09614245593547821,-0.21881508827209473,0.08495582640171051,-0.31509101390838623,0.08116142451763153,-0.39539235830307007,0.08231599628925323,-0.46731695532798767
H,0.0,0.0,0.10724803805351257,-0.01207268238067627,0.19456303119659424,-0.06329351663589478,0.25420770049095154,-0.08626538515090942,0.28168830275535583,-0.12351137399673462,0.182498961687088,-0.23945939540863037,0.2605864107608795,-0.30144399404525757,0.2911131680011749,-0.24332237243652344,0.2970922887325287,-0.17525768280029297,0.16872435808181763,-0.25686830282211304,0.25237610936164856,-0.3309875726699829,0.32242509722709656,-0.3699984550476074,0.3700934946537018,-0.4100068211555481,0.1427306830883026,-0.25848913192749023,0.1914454996585846,-0.3775170147418976,0.2265678346157074,-0.46564826369285583,0.24885979294776917,-0.5402082204818726,0.11569112539291382,-0.240800678730011,0.11648145318031311,-0.3480187654495239,0.11898541450500488,-0.4321436882019043,0.12157848477363586,-0.5048958361148834
H,0.0,0.0,-0.059566110372543335,-0.021444261074066162,-0.12305283546447754,-0.08558529615402222,-0.17042967677116394,-0.12575149536132812,-0.1731032133102417,-0.18229764699935913,-0.0783848762512207,-0.2541459798812866,-0.11520689725875854,-0.38897138833999634,-0.14799028635025024,-0.46150779724121094,-0.17248281836509705,-0.5254136621952057,-0.03875628113746643,-0.257627010345459,-0.09452840685844421,-0.3457760512828827,-0.13545680046081543,-0.27158403396606445,-0.1507866382598877,-0.2025431990623474,0.01022493839263916,-0.24522125720977783,-0.006723523139953613,-0.3561222553253174,-0.04352515935897827,-0.42460161447525024,-0.07381993532180786,-0.4903298020362854,0.0588839054107666,-0.21441298723220825,0.09471839666366577,-0.30351722240448,0.10825467109680176,-0.36658722162246704,0.11351293325424194,-0.43946313858032227
H,0.0,0.0,-0.06986597180366516,-0.006220877170562744,-0.15434396266937256,-0.06425225734710693,-0.20828601717948914,-0.10134369134902954,-0.20411255955696106,-0.16959571838378906,-0.13194862008094788,-0.25782132148742676,-0.19938695430755615,-0.36602404713630676,-0.2555758059024811,-0.41466474533081055,-0.2982684075832367,-0.4641113877296448,-0.09224304556846619,-0.2774944305419922,-0.16648656129837036,-0.36446693539619446,-0.1962023377418518,-0.27290576696395874,-0.1951451599597931,-0.1935318112373352,-0.0409243106842041,-0.2834678292274475,-0.08228382468223572,-0.4029228091239929,-0.13129746913909912,-0.4697708487510681,-0.1665509045124054,-0.5375570356845856,0.014379024505615234,-0.2688857316970825,0.031152844429016113,-0.3718589246273041,0.03803610801696777,-0.44371384382247925,0.03843390941619873,-0.521743893623352
I,0.0,0.0,0.07231733202934265,-0.053740620613098145,0.11562389135360718,-0.14551246166229248,0.14931732416152954,-0.21033132076263428,0.1541893184185028,-0.2601824402809143,0.05876830220222473,-0.24229711294174194,0.10366246104240417,-0.30183321237564087,0.12165534496307373,-0.24175500869750977,0.11847397685050964,-0.18601983785629272,0.046146243810653687,-0.2552690804004669,0.11531102657318115,-0.3181566298007965,0.12082153558731079,-0.22923201322555542,0.10140570998191833,-0.16775429248809814,0.02973252534866333,-0.2688349187374115,0.10102623701095581,-0.3452751636505127,0.1075352132320404,-0.25792279839515686,0.08437559008598328,-0.19386255741119385,0.004554063081741333,-0.2767375707626343,0.015335410833358765,-0.3883651793003082,0.032046735286712646,-0.4550437331199646,0.04488465189933777,-0.5172925889492035
I,0.0,0.0,-0.0810510516166687,-0.07793974876403809,-0.12503430247306824,-0.18016111850738525,-0.11185210943222046,-0.28594696521759033,-0.07596629858016968,-0.3252739906311035,-0.06332841515541077,-0.29257768392562866,-0.036350518465042114,-0.3735857903957367,-0.034102827310562134,-0.33193129301071167,-0.03824755549430847,-0.285325825214386,0.0027741193771362305,-0.2916383743286133,0.017619311809539795,-0.3681900203227997,0.01633700728416443,-0.3264412581920624,0.01363423466682434,-0.2867933511734009,0.0597195029258728,-0.27570056915283203,0.06516760587692261,-0.37023431062698364,0.06281507015228271,-0.33581534028053284,0.05940669775009155,-0.29050958156585693,0.1068311333656311,-0.24959474802017212,0.11361300945281982,-0.3732493221759796,0.11414480209350586,-0.4401656985282898,0.1129770278930664,-0.4944559633731842
I,0.0,0.0,0.0856097936630249,-0.08646047115325928,0.1287204623222351,-0.19704627990722656,0.10417026281356812,-0.3083161413669586,0.05283305048942566,-0.3390648663043976,0.05946475267410278,-0.2886548638343811,0.022825509309768677,-0.4105190634727478,0.030472397804260254,-0.36514365673065186,0.039235204458236694,-0.3126656413078308,-0.0074568092823028564,-0.27929291129112244,-0.03659084439277649,-0.40621399879455566,-0.03033784031867981,-0.35485437512397766,-0.025494903326034546,-0.3135400414466858,-0.06628423929214478,-0.25661078095436096,-0.09191179275512695,-0.3902386426925659,-0.0820799171924591,-0.35137930512428284,-0.07164335250854492,-0.30166947841644287,-0.11667507886886597,-0.22876465320587158,-0.1433326005935669,-0.3668624460697174,-0.15645739436149597,-0.4477958083152771,-0.16490516066551208,-0.5156047344207764
I,0.0,0.0,-0.05657857656478882,-0.11588555574417114,-0.06417056918144226,-0.20962607860565186,-0.07411238551139832,-0.2790266275405884,-0.07704997062683105,-0.32083746790885925,0.08408540487289429,-0.30830118060112,-0.014997154474258423,-0.3882178068161011,-0.05583575367927551,-0.3148398697376251,-0.054462820291519165,-0.26101040840148926,0.08869194984436035,-0.30071955919265747,-0.03351438045501709,-0.39483532309532166,-0.06258401274681091,-0.30141884088516235,-0.055508702993392944,-0.24388134479522705,0.07463568449020386,-0.2837575078010559,-0.0373997688293457,-0.36810439825057983,-0.05908167362213135,-0.2725635766983032,-0.04363855719566345,-0.21250557899475098,0.04755982756614685,-0.2640937566757202,0.01691332459449768,-0.3922157287597656,-0.0023425817489624023,-0.46662312746047974,-0.00806531310081482,-0.5353240668773651
K,0.0,0.0,0.004208922386169434,-0.11596190929412842,0.030017763376235962,-0.2354440689086914,0.06396988034248352,-0.33416154980659485,0.08252224326133728,-0.4221721887588501,-0.012759029865264893,-0.29547375440597534,0.0375978946685791,-0.43632373213768005,0.056694358587265015,-0.5220354199409485,0.07125863432884216,-0.5953784883022308,0.007188200950622559,-0.2604216933250427,0.11346271634101868,-0.36751362681388855,0.17926263809204102,-0.4096129834651947,0.2265300154685974,-0.44278910756111145,0.03909856081008911,-0.2140180468559265,0.1492411494255066,-0.2665988802909851,0.13749217987060547,-0.2115236520767212,0.1117205023765564,-0.1783585548400879,0.07878860831260681,-0.1629524827003479,0.16338366270065308,-0.21155673265457153,0.1497243344783783,-0.1672370433807373,0.12298870086669922,-0.13839048147201538
K,0.0,0.0,0.04285009205341339,-0.1395142674446106,0.12044383585453033,-0.2635640501976013,0.1900380700826645,-0.34604930877685547,0.24522019922733307,-0.42497944831848145,0.10370095074176788,-0.3651922345161438,0.21348105370998383,-0.49136847257614136,0.2666365057229996,-0.5803605020046234,0.3106827884912491,-0.6536946296691895,0.10826368629932404,-0.29808634519577026,0.2709648758172989,-0.33199459314346313,0.36458899080753326,-0.33688056468963623,0.4361713081598282,-0.3461977243423462,0.12080709636211395,-0.21349573135375977,0.26416756212711334,-0.20445942878723145,0.2278927117586136,-0.16105204820632935,0.1841404289007187,-0.13944947719573975,0.13790105283260345,-0.12179243564605713,0.2497706562280655,-0.1274203062057495,0.2150639146566391,-0.10097002983093262,0.17158232629299164,-0.08719581365585327
K,0.0,0.0,0.027118265628814697,-0.12502068281173706,0.0006440877914428711,-0.26966309547424316,-0.05996382236480713,-0.38336682319641113,-0.0916980504989624,-0.47302740812301636,0.027712225914001465,-0.3083997964859009,-0.035619378089904785,-0.48347967863082886,-0.06632918119430542,-0.5820658802986145,-0.08989647030830383,-0.6643508970737457,-0.026995182037353516,-0.2553434371948242,-0.13372069597244263,-0.4294789433479309,-0.19686955213546753,-0.5200918018817902,-0.24519914388656616,-0.5888393819332123,-0.0837303102016449,-0.1960802674293518,-0.17376190423965454,-0.33226221799850464,-0.14810293912887573,-0.2828519344329834,-0.12138634920120239,-0.23518943786621094,-0.13527312874794006,-0.13520938158035278,-0.19578170776367188,-0.2567554712295532,-0.1738516390323639,-0.2212790846824646,-0.15202707052230835,-0.18175393342971802
K,0.0,0.0,-0.03679579496383667,-0.09835541248321533,-0.03299689292907715,-0.20615684986114502,-0.002461552619934082,-0.3000509440898895,0.031515538692474365,-0.37438535690307617,-0.014097392559051514,-0.273526132106781,-0.007961034774780273,-0.3859812617301941,-0.005278646945953369,-0.4562760889530182,0.0016937255859375,-0.5215155780315399,0.035760462284088135,-0.2556362748146057,0.07771599292755127,-0.3661258816719055,0.10864204168319702,-0.4425279200077057,0.13872218132019043,-0.5062388479709625,0.07317060232162476,-0.21410447359085083,0.10468816757202148,-0.25593918561935425,0.06498461961746216,-0.1920498013496399,0.03310692310333252,-0.14591240882873535,0.10508769750595093,-0.17131561040878296,0.121523916721344,-0.20515447854995728,0.0930904746055603,-0.15837454795837402,0.06824856996536255,-0.12278735637664795
K,0.0,0.0,0.06047455966472626,-0.08741402626037598,0.067508265376091,-0.24390777945518494,0.0382092148065567,-0.35344505310058594,0.020596757531166077,-0.44450843334198,0.03242824971675873,-0.29069000482559204,0.05476765334606171,-0.41583114862442017,0.06443898379802704,-0.49428926408290863,0.07016901671886444,-0.5665285885334015,-0.019083723425865173,-0.27907198667526245,-0.018931061029434204,-0.39907145500183105,-0.014968305826187134,-0.4829523414373398,-0.014137789607048035,-0.5622927248477936,-0.069523885846138,-0.2409861981868744,-0.05296240746974945,-0.3030421733856201,-0.019289255142211914,-0.20224684476852417,-0.0063982754945755005,-0.1384502649307251,-0.11473487317562103,-0.19098246097564697,-0.0885123461484909,-0.24530237913131714,-0.05464775860309601,-0.17808860540390015,-0.0467732697725296,-0.1352379322052002
L,0.0,0.0,0.08490017056465149,-0.028149962425231934,0.16888758540153503,-0.09326612949371338,0.23721244931221008,-0.1344306468963623,0.2894687354564667,-0.1684626340866089,0.10569119453430176,-0.2911444306373596,0.12300089001655579,-0.44164028763771057,0.13829758763313293,-0.5326588749885559,0.14765283465385437,-0.6125187873840332,0.04056143760681152,-0.2911871671676636,0.0698620080947876,-0.32830506563186646,0.0737474262714386,-0.19426065683364868,0.06439104676246643,-0.16789698600769043,-0.020771920680999756,-0.2688642740249634,0.002786606550216675,-0.2998054623603821,0.01305440068244934,-0.17998552322387695,0.0028929710388183594,-0.16060620546340942,-0.08241003751754761,-0.2332509160041809,-0.06447979807853699,-0.26412421464920044,-0.0409034788608551,-0.17882132530212402,-0.04460623860359192,-0.14898443222045898
L,0.0,0.0,0.07338395714759827,-0.01781904697418213,0.15566745400428772,-0.07154035568237305,0.22536125779151917,-0.1025955080986023,0.27677246928215027,-0.11296772956848145,0.12574157118797302,-0.24457332491874695,0.1499495804309845,-0.36142498254776,0.16924872994422913,-0.43167273700237274,0.17940369248390198,-0.49227967858314514,0.07567423582077026,-0.2562676966190338,0.10613831877708435,-0.32198724150657654,0.09750339388847351,-0.21502617001533508,0.0825432538986206,-0.17840200662612915,0.025178521871566772,-0.2514214813709259,0.04670378565788269,-0.31652262806892395,0.04675227403640747,-0.21838930249214172,0.032411009073257446,-0.18518713116645813,-0.029317110776901245,-0.2380771040916443,-0.00891721248626709,-0.2995315492153168,0.0020900964736938477,-0.22816750407218933,-0.006636917591094971,-0.1921643316745758
L,0.0,0.0,-0.09034597873687744,-0.07054054737091064,-0.1532493233680725,-0.159848153591156,-0.22431695461273193,-0.24804198741912842,-0.26868076622486115,-0.3120926022529602,-0.0793876051902771,-0.3375748097896576,-0.09949561953544617,-0.4695209264755249,-0.11971503496170044,-0.5489980578422546,-0.13271421194076538,-0.6267484426498413,-0.023367971181869507,-0.34369200468063354,-0.012051582336425781,-0.4646223187446594,-0.022958874702453613,-0.36586061120033264,-0.03184235095977783,-0.2985355257987976,0.03404265642166138,-0.3174397945404053,0.058363258838653564,-0.43155187368392944,0.030129671096801758,-0.3458731174468994,0.009737253189086914,-0.2832292318344116,0.07777482271194458,-0.26648110151290894,0.10357809066772461,-0.3631353974342346,0.07055175304412842,-0.3124578595161438,0.05226022005081177,-0.26192206144332886
L,0.0,0.0,-0.05887162685394287,0.00474238395690918,-0.11660537123680115,-0.040487706661224365,-0.17061454057693481,-0.07237529754638672,-0.22489523887634277,-0.110110342502594,-0.07236099243164062,-0.2566606402397156,-0.09194320440292358,-0.3884027600288391,-0.10550028085708618,-0.4769963026046753,-0.11052653193473816,-0.5477445721626282,-0.01927471160888672,-0.25995907187461853,0.03148972988128662,-0.37329086661338806,0.03338104486465454,-0.27406761050224304,0.016658365726470947,-0.21030566096305847,0.027351319789886475,-0.25842052698135376,0.07002764940261841,-0.34664109349250793,0.06356990337371826,-0.255023330450058,0.03930169343948364,-0.20388245582580566,0.06588512659072876,-0.25714486837387085,0.10217076539993286,-0.31552648544311523,0.09525251388549805,-0.2491588592529297,0.07477039098739624,-0.20711559057235718
M,0.0,0.0,-0.07759210467338562,0.09950077533721924,-0.09962436556816101,0.23850274085998535,-0.0771443247795105,0.3488900661468506,-0.041328638792037964,0.4188585877418518,-0.09780454635620117,0.27267906069755554,-0.08233055472373962,0.46616798639297485,-0.07570481300354004,0.5658642649650574,-0.06836363673210144,0.6459059119224548,-0.027991056442260742,0.2662554085254669,-0.023030877113342285,0.48242253065109253,-0.023000270128250122,0.598850667476654,-0.022379577159881592,0.6861175298690796,0.038115471601486206,0.25525611639022827,0.03744664788246155,0.46295881271362305,0.028590649366378784,0.573603093624115,0.021566838026046753,0.6573653817176819,0.09140142798423767,0.2342785894870758,0.0788133442401886,0.3924049735069275,0.060806065797805786,0.3942779302597046,0.04700365662574768,0.3696155548095703
M,0.0,0.0,0.09818187355995178,0.046974360942840576,0.16581323742866516,0.1358940452337265,0.1776084303855896,0.23932163417339325,0.15717962384223938,0.3134097307920456,0.16591951251029968,0.2104046791791916,0.15477073192596436,0.40622787177562714,0.14573243260383606,0.5134461969137192,0.13985249400138855,0.5888906568288803,0.10942193865776062,0.2031792551279068,0.10294106602668762,0.4282829612493515,0.09652727842330933,0.5576995462179184,0.09209230542182922,0.6420086473226547,0.04508289694786072,0.19551540911197662,0.04632464051246643,0.4021380990743637,0.04570549726486206,0.5135284513235092,0.051381319761276245,0.5857971757650375,-0.018092304468154907,0.18436913192272186,-0.01953086256980896,0.3414596766233444,-0.012913063168525696,0.37074778974056244,-0.004026979207992554,0.37017570436000824
M,0.0,0.0,0.09728467464447021,0.042514920234680176,0.16720962524414062,0.1274070143699646,0.17687582969665527,0.23100990056991577,0.14827808737754822,0.30484068393707275,0.1584671437740326,0.2107682228088379,0.1523086130619049,0.3924294710159302,0.14534825086593628,0.49171221256256104,0.14100748300552368,0.5606954097747803,0.10277122259140015,0.2218433916568756,0.10171899199485779,0.42180418968200684,0.09706762433052063,0.5402153134346008,0.09307003021240234,0.6179347038269043,0.041665226221084595,0.2229709029197693,0.0431688129901886,0.3998345732688904,0.04460492730140686,0.4985562562942505,0.04714176058769226,0.5668516159057617,-0.019635915756225586,0.21358266472816467,-0.00948786735534668,0.33351320028305054,-0.00032867491245269775,0.3304087519645691,0.003442928194999695,0.3078605532646179
M,0.0,0.0,0.11605465412139893,0.008629932999610901,0.20739957690238953,0.07500773668289185,0.24628886580467224,0.17009904980659485,0.24889647960662842,0.25323542952537537,0.23305350542068481,0.15667057037353516,0.26356908679008484,0.35108739137649536,0.27596378326416016,0.459506630897522,0.28397542238235474,0.5340774655342102,0.18011748790740967,0.19209539890289307,0.21914398670196533,0.4049798250198364,0.23810827732086182,0.5260304808616638,0.25208738446235657,0.6073189377784729,0.11745122075080872,0.2217370569705963,0.15402114391326904,0.4092100262641907,0.1720021367073059,0.501244306564331,0.18990781903266907,0.5632678866386414,0.05125012993812561,0.23970341682434082,0.07672607898712158,0.36087340116500854,0.07864055037498474,0.35241806507110596,0.07788322865962982,0.32671666145324707
M,0.0,0.0,-0.0737055242061615,0.07263362407684326,-0.0931488573551178,0.18937981128692627,-0.07219645380973816,0.28372716903686523,-0.041789740324020386,0.3429585099220276,-0.07618436217308044,0.19295871257781982,-0.06435060501098633,0.3582385778427124,-0.055908381938934326,0.44323205947875977,-0.04693564772605896,0.5104384422302246,-0.014154911041259766,0.18510007858276367,-0.008282005786895752,0.3679533004760742,-0.006062924861907959,0.46485263109207153,-0.00482979416847229,0.5360456109046936,0.04131612181663513,0.18025827407836914,0.04197418689727783,0.3530632257461548,0.03501275181770325,0.441792368888855,0.028946399688720703,0.5069766044616699,0.08353343605995178,0.1718674898147583,0.07724875211715698,0.29793882369995117,0.06012260913848877,0.29940855503082275,0.044880688190460205,0.27984851598739624
N,0.0,0.0,-0.09957462549209595,0.08520850539207458,-0.13552120327949524,0.24850326776504517,-0.09810715913772583,0.38861283659935,-0.04242277145385742,0.4752580225467682,-0.14709463715553284,0.23173829913139343,-0.1324913501739502,0.4624185264110565,-0.12630754709243774,0.5766036808490753,-0.12246015667915344,0.6739334762096405,-0.056515246629714966,0.2272804081439972,-0.05924886465072632,0.4906541407108307,-0.07233771681785583,0.6318487823009491,-0.07599639892578125,0.7318539917469025,0.025055289268493652,0.2303583025932312,0.008961975574493408,0.48224225640296936,-0.02375739812850952,0.4497393071651459,-0.03523808717727661,0.37911418080329895,0.09140145778656006,0.23769566416740417,0.06201934814453125,0.4306754767894745,0.027628302574157715,0.41143837571144104,0.013525962829589844,0.3606066405773163
N,0.0,0.0,0.12429074943065643,0.08168010413646698,0.2067466825246811,0.1716790795326233,0.2416544407606125,0.2618671655654907,0.2339922934770584,0.35144615173339844,0.19942639768123627,0.2874378263950348,0.19475464522838593,0.5107576847076416,0.19829793274402618,0.6304172873497009,0.1968013197183609,0.7185938954353333,0.12106950581073761,0.2858356237411499,0.1349559873342514,0.5434620380401611,0.14110781252384186,0.6902760863304138,0.13686640560626984,0.7895424365997314,0.03925235569477081,0.28767693042755127,0.04141058027744293,0.5019959211349487,0.042190566658973694,0.44129353761672974,0.03974367678165436,0.36927562952041626,-0.039120763540267944,0.2816169559955597,-0.02772100269794464,0.4301949143409729,-0.019646167755126953,0.378431111574173,-0.021534711122512817,0.31983083486557007
N,0.0,0.0,-0.09169000387191772,0.07943856716156006,-0.12667974829673767,0.2316964864730835,-0.09182780981063843,0.35887768864631653,-0.03286707401275635,0.4392845034599304,-0.13003671169281006,0.1800551414489746,-0.11876246333122253,0.4021225571632385,-0.11902999877929688,0.5119823217391968,-0.12160491943359375,0.6104421019554138,-0.03533649444580078,0.15523433685302734,-0.023620128631591797,0.41357624530792236,-0.029148399829864502,0.5647002458572388,-0.02415001392364502,0.6691972613334656,0.05254232883453369,0.14585080742835999,0.04839742183685303,0.4078735113143921,0.0018848180770874023,0.38378697633743286,-0.020169317722320557,0.3127904534339905,0.12397342920303345,0.15102094411849976,0.1139947772026062,0.3645857572555542,0.06824588775634766,0.3718591332435608,0.03695744276046753,0.33354121446609497
N,0.0,0.0,0.12983214855194092,0.10282135009765625,0.18902432918548584,0.2811043858528137,0.166542649269104,0.4453825056552887,0.14047732949256897,0.5688957273960114,0.2101711630821228,0.2977037727832794,0.2028496265411377,0.5720678865909576,0.19643348455429077,0.7201731503009796,0.1912630796432495,0.8314118683338165,0.09976062178611755,0.2917573153972626,0.08843809366226196,0.5930494964122772,0.0781208872795105,0.7620966732501984,0.06956806778907776,0.8795165121555328,-0.0008554756641387939,0.2999908924102783,0.011628150939941406,0.5495935380458832,0.03960907459259033,0.5082180798053741,0.053870826959609985,0.433559775352478,-0.0814131498336792,0.30921366810798645,-0.03560858964920044,0.4720093309879303,-0.0034255683422088623,0.43299248814582825,0.0010942816734313965,0.37821951508522034
O,0.0,0.0,0.17891845107078552,0.005196750164031982,0.2884921133518219,-0.026548445224761963,0.3772365152835846,-0.03847241401672363,0.43821725249290466,-0.08787930011749268,0.2575177848339081,-0.3172224164009094,0.38699623942375183,-0.37463444471359253,0.44378355145454407,-0.2781655192375183,0.4545312225818634,-0.17818760871887207,0.22740742564201355,-0.33029359579086304,0.39121243357658386,-0.3926457464694977,0.4520837366580963,-0.26614177227020264,0.44936296343803406,-0.15134763717651367,0.21231669187545776,-0.32321643829345703,0.35940632224082947,-0.38966113328933716,0.4252599775791168,-0.2685043215751648,0.4291204512119293,-0.16550207138061523,0.212269127368927,-0.2887415289878845,0.33240577578544617,-0.339385062456131,0.3928441107273102,-0.26630669832229614,0.41048064827919006,-0.18391263484954834
O,0.0,0.0,-0.041813403367996216,-0.12719982862472534,-0.052726805210113525,-0.23799562454223633,-0.06887683272361755,-0.3142683506011963,-0.0570654571056366,-0.37328436970710754,0.08639878034591675,-0.27262723445892334,0.08142966032028198,-0.39026644825935364,0.023059457540512085,-0.4114055037498474,-0.023763328790664673,-0.39164185523986816,0.11001300811767578,-0.2595694065093994,0.09782487154006958,-0.4067856967449188,0.026698023080825806,-0.429482102394104,-0.02119237184524536,-0.3992187976837158,0.1154453456401825,-0.24506694078445435,0.11405760049819946,-0.39635759592056274,0.03955397009849548,-0.42476874589920044,-0.012176692485809326,-0.39787352085113525,0.0980202853679657,-0.23614978790283203,0.10085156559944153,-0.36043286323547363,0.05167621374130249,-0.39878249168395996,0.005284637212753296,-0.3888084888458252
O,0.0,0.0,0.028949379920959473,-0.15279126167297363,0.031142979860305786,-0.240409255027771,0.03642648458480835,-0.3200867474079132,0.030066698789596558,-0.3769890367984772,-0.09731274843215942,-0.2375584840774536,-0.09193679690361023,-0.3542114198207855,-0.03873184323310852,-0.3872782588005066,0.007269710302352905,-0.3842118978500366,-0.11975529789924622,-0.22437149286270142,-0.1319202184677124,-0.3744364380836487,-0.06576371192932129,-0.4104267954826355,-0.01018032431602478,-0.39347773790359497,-0.12118604779243469,-0.20998013019561768,-0.14326414465904236,-0.36094412207603455,-0.0739043653011322,-0.40561187267303467,-0.018200963735580444,-0.4003297686576843,-0.10122290253639221,-0.20046710968017578,-0.11726599931716919,-0.3279030919075012,-0.07244384288787842,-0.3801577091217041,-0.02712416648864746,-0.3944392204284668
P,0.0,0.0,0.13531169295310974,0.015315890312194824,0.2674682140350342,0.046147167682647705,0.3678171932697296,0.07835495471954346,0.4646490514278412,0.10727918148040771,0.336427241563797,-0.10203033685684204,0.4921448528766632,-0.02947920560836792,0.5852127373218536,-0.00952601432800293,0.6651857793331146,0.002803802490234375,0.29660046100616455,-0.08203992247581482,0.39326682686805725,0.14595675468444824,0.4221709668636322,0.27564847469329834,0.4423414170742035,0.36317920684814453,0.24155193567276,-0.03289225697517395,0.30350804328918457,0.19078612327575684,0.24485215544700623,0.17944419384002686,0.20192793011665344,0.13516366481781006,0.18590980768203735,0.033709824085235596,0.2339746057987213,0.19493752717971802,0.19308286905288696,0.178503155708313,0.1604226529598236,0.1336957812309265
P,0.0,0.0,0.1417333483695984,0.08845925331115723,0.2684706449508667,0.09684586524963379,0.35936176776885986,0.08867049217224121,0.45257335901260376,0.09503555297851562,0.3485792279243469,-0.0794992744922638,0.46927762031555176,-0.0379197895526886,0.5547756552696228,-0.02750954031944275,0.6277510523796082,-0.022501200437545776,0.3228856921195984,-0.1174958348274231,0.3977876901626587,0.10408288240432739,0.4248064160346985,0.24374842643737793,0.44099074602127075,0.3436344265937805,0.27593910694122314,-0.11722058057785034,0.30979645252227783,0.13061559200286865,0.2251926064491272,0.14928442239761353,0.16675779223442078,0.13020461797714233,0.2216925323009491,-0.0898541808128357,0.25376200675964355,0.10312801599502563,0.19293427467346191,0.1292361617088318,0.14787596464157104,0.11438709497451782
P,0.0,0.0,-0.10519033670425415,0.004877626895904541,-0.19655179977416992,0.019329816102981567,-0.2649737000465393,0.06560954451560974,-0.33061033487319946,0.09865859150886536,-0.2442849576473236,-0.09821507334709167,-0.3431284576654434,-0.0342634916305542,-0.40863585472106934,-0.006983727216720581,-0.47014594078063965,0.015419214963912964,-0.19627916812896729,-0.09960460662841797,-0.26016756892204285,0.07966074347496033,-0.28308916091918945,0.19518747925758362,-0.3032653331756592,0.27949026226997375,-0.14010214805603027,-0.07184949517250061,-0.1937706172466278,0.10288050770759583,-0.16442245244979858,0.09420046210289001,-0.14235982298851013,0.052294522523880005,-0.09241342544555664,-0.02996191382408142,-0.14873066544532776,0.10591921210289001,-0.132811039686203,0.10131534934043884,-0.1164848804473877,0.052390843629837036
P,0.0,0.0,-0.10476607084274292,0.05712336301803589,-0.18998825550079346,0.06479808688163757,-0.2609936594963074,0.0716722309589386,-0.3240010440349579,0.08206987380981445,-0.2432432472705841,-0.07988685369491577,-0.3370950222015381,-0.027799516916275024,-0.3920031189918518,-0.01660287380218506,-0.4446225166320801,-0.010641545057296753,-0.2249705195426941,-0.09824520349502563,-0.2809787392616272,0.07213926315307617,-0.2944802939891815,0.172134131193161,-0.3103807270526886,0.2395211160182953,-0.19700276851654053,-0.08669719099998474,-0.22874829173088074,0.0924282968044281,-0.17462033033370972,0.10867556929588318,-0.13576501607894897,0.09455442428588867,-0.16751188039779663,-0.05654790997505188,-0.19978678226470947,0.07908204197883606,-0.16181129217147827,0.0995226800441742,-0.12915891408920288,0.08896294236183167
Q,0.0,0.0,0.04129135608673096,0.10515204071998596,0.0879787802696228,0.18053817749023438,0.10195666551589966,0.24763056635856628,0.11603707075119019,0.3080548346042633,0.19929039478302002,0.07549312710762024,0.2611754536628723,0.14222973585128784,0.2819167971611023,0.20386305451393127,0.2908366322517395,0.2569868862628937,0.20239460468292236,0.04572129249572754,0.2183837890625,0.1932792365550995,0.15400242805480957,0.18913593888282776,0.13741165399551392,0.14900916814804077,0.19775593280792236,0.026879161596298218,0.20934844017028809,0.1610889732837677,0.14599889516830444,0.1519116461277008,0.1351175308227539,0.1095363199710846,0.18288886547088623,0.016624540090560913,0.1996002197265625,0.12246808409690857,0.15668219327926636,0.12468695640563965,0.14210498332977295,0.0890171229839325
Q,0.0,0.0,-0.030828356742858887,0.07770723104476929,-0.03767520189285278,0.18367137014865875,-0.05067753791809082,0.28060682117938995,-0.04558610916137695,0.3744288235902786,0.13146692514419556,0.1654188483953476,0.1636485457420349,0.28985579311847687,0.1413971185684204,0.3758561760187149,0.11424857378005981,0.4286443740129471,0.1309787631034851,0.15000896155834198,0.0946153998374939,0.27926187217235565,0.043040335178375244,0.2466735988855362,0.03636866807937622,0.19552506506443024,0.1280420422554016,0.15220247209072113,0.09749060869216919,0.2587684243917465,0.04659062623977661,0.21527065336704254,0.04640859365463257,0.17765842378139496,0.12601417303085327,0.16110356152057648,0.09584838151931763,0.22399474680423737,0.060791611671447754,0.20007915794849396,0.05876642465591431,0.15719620883464813
Q,0.0,0.0,-0.03962716460227966,0.0972643494606018,-0.0756407082080841,0.17775830626487732,-0.09009143710136414,0.24618655443191528,-0.11715787649154663,0.2945312261581421,-0.19125109910964966,0.08689424395561218,-0.24359647929668427,0.17423060536384583,-0.2507939338684082,0.23613518476486206,-0.24875929951667786,0.28905242681503296,-0.18927142024040222,0.05958932638168335,-0.19921579957008362,0.19954437017440796,-0.15387564897537231,0.20532464981079102,-0.13086146116256714,0.18114271759986877,-0.17545264959335327,0.05014258623123169,-0.183672696352005,0.1861124336719513,-0.1397911012172699,0.18138718605041504,-0.12049618363380432,0.14955013990402222,-0.1561177670955658,0.053230851888656616,-0.17233699560165405,0.15941360592842102,-0.1397402286529541,0.16553756594657898,-0.11929318308830261,0.14233028888702393
Q,0.0,0.0,0.1076890230178833,0.03912709653377533,0.17856532335281372,0.12951475381851196,0.2294546365737915,0.22101569175720215,0.23242700099945068,0.3340393900871277,-0.0041557252407073975,0.15053260326385498,-0.03501364588737488,0.3312162160873413,-0.00015559792518615723,0.43914055824279785,0.043105363845825195,0.4965324401855469,-0.05739268660545349,0.1703243851661682,0.002490520477294922,0.32799583673477173,0.053267061710357666,0.2773352265357971,0.058174967765808105,0.2232055962085724,-0.08468249440193176,0.20175200700759888,-0.013378143310546875,0.32856953144073486,0.02808326482772827,0.264093816280365,0.02705991268157959,0.21810299158096313,-0.09810927510261536,0.23371630907058716,-0.043136417865753174,0.3019244074821472,-0.0027546286582946777,0.2613702118396759,0.007140547037124634,0.22247767448425293
R,0.0,0.0,-0.058002471923828125,-0.056815922260284424,-0.07802951335906982,-0.14317107200622559,-0.024189352989196777,-0.18151026964187622,0.038259804248809814,-0.18280774354934692,-0.04512888193130493,-0.2829306125640869,-0.03240233659744263,-0.38914015889167786,-0.02058464288711548,-0.4600714445114136,-0.008073270320892334,-0.5251870453357697,-0.00023627281188964844,-0.2851802110671997,-0.01154559850692749,-0.4126526117324829,-0.016995787620544434,-0.48935166001319885,-0.018312931060791016,-0.5623425543308258,0.0422634482383728,-0.25770753622055054,0.054030656814575195,-0.33036965131759644,0.04125624895095825,-0.24199658632278442,0.02903980016708374,-0.18207502365112305,0.08300542831420898,-0.21148782968521118,0.0889621376991272,-0.26299411058425903,0.0707666277885437,-0.20585626363754272,0.056258976459503174,-0.1649923324584961
R,0.0,0.0,-0.06066709756851196,-0.09431207180023193,-0.07060244679450989,-0.1916467547416687,-0.06625387072563171,-0.2463911771774292,-0.053127795457839966,-0.27686142921447754,0.015712440013885498,-0.28161928057670593,0.006600022315979004,-0.38021451234817505,-0.0006293654441833496,-0.44534844160079956,-0.008947581052780151,-0.5008136630058289,0.0355570912361145,-0.2757573127746582,0.02612471580505371,-0.3961130976676941,0.004188656806945801,-0.47367531061172485,-0.017474353313446045,-0.5324884057044983,0.0442240834236145,-0.2522503733634949,-0.028169870376586914,-0.3332540690898895,-0.052842915058135986,-0.26038408279418945,-0.05396965146064758,-0.20465987920761108,0.03681015968322754,-0.21247929334640503,-0.02534240484237671,-0.2863215506076813,-0.050813108682632446,-0.2329798936843872,-0.05266427993774414,-0.18213015794754028
R,0.0,0.0,0.08714514970779419,-0.02209573984146118,0.15689587593078613,-0.1127852201461792,0.15784507989883423,-0.2094501256942749,0.13547173142433167,-0.29960131645202637,0.14791887998580933,-0.3137199878692627,0.1623668372631073,-0.43918150663375854,0.1601322889328003,-0.5291287899017334,0.15575122833251953,-0.614225298166275,0.09100931882858276,-0.33368194103240967,0.13172206282615662,-0.48007696866989136,0.1719312071800232,-0.5654602944850922,0.2059553563594818,-0.6373079419136047,0.028699010610580444,-0.3177559971809387,0.06802830100059509,-0.39688223600387573,0.07845059037208557,-0.2738106846809387,0.08037334680557251,-0.18525099754333496,-0.029779881238937378,-0.27186310291290283,0.011081665754318237,-0.2983472943305969,0.029194742441177368,-0.21008145809173584,0.03325435519218445,-0.14766335487365723
R,0.0,0.0,0.1258877068758011,-0.08566421270370483,0.17951180040836334,-0.1889081597328186,0.21305660903453827,-0.25995945930480957,0.2334783524274826,-0.32267332077026367,0.13263197243213654,-0.33555251359939575,0.17089982330799103,-0.43814587593078613,0.19634051620960236,-0.5041904151439667,0.21979419887065887,-0.5606147050857544,0.11396633088588715,-0.33231937885284424,0.15552882850170135,-0.47286152839660645,0.19544677436351776,-0.5415972471237183,0.22990499436855316,-0.5860287547111511,0.10102440416812897,-0.297889769077301,0.20970647037029266,-0.36415374279022217,0.21417950093746185,-0.2872077226638794,0.19780926406383514,-0.23672884702682495,0.11052431166172028,-0.23557478189468384,0.20891813933849335,-0.26885104179382324,0.20630477368831635,-0.21971005201339722,0.1879659742116928,-0.18741458654403687
S,0.0,0.0,0.14043474197387695,-0.0596998929977417,0.22104933857917786,-0.1223149299621582,0.29115426540374756,-0.148906409740448,0.3545544147491455,-0.13620567321777344,0.14327991008758545,-0.3265274167060852,0.24555212259292603,-0.39794084429740906,0.29798561334609985,-0.32397469878196716,0.3054553270339966,-0.24369335174560547,0.12226399779319763,-0.33295178413391113,0.25176477432250977,-0.4059579372406006,0.3054434657096863,-0.30411404371261597,0.2980441451072693,-0.21568572521209717,0.11490026116371155,-0.3222270905971527,0.2351948618888855,-0.39908841252326965,0.29054397344589233,-0.2965390086174011,0.28896909952163696,-0.21622025966644287,0.12228041887283325,-0.2984497547149658,0.21869027614593506,-0.36252927780151367,0.2681701183319092,-0.3009607195854187,0.274872362613678,-0.23580718040466309
S,0.0,0.0,-0.11377504467964172,-0.10033506155014038,-0.1839686632156372,-0.1927526891231537,-0.2514899671077728,-0.23828426003456116,-0.306527242064476,-0.26569855213165283,-0.06509950757026672,-0.3748924136161804,-0.17815262079238892,-0.4451891928911209,-0.22580692172050476,-0.37116819620132446,-0.2318689227104187,-0.3013814091682434,-0.04629746079444885,-0.3735188841819763,-0.18587639927864075,-0.45740433037281036,-0.23723521828651428,-0.35991618037223816,-0.22765803337097168,-0.2852112650871277,-0.039839744567871094,-0.34576451778411865,-0.16490325331687927,-0.4360889196395874,-0.21693134307861328,-0.345256507396698,-0.20619580149650574,-0.2706403136253357,-0.053705453872680664,-0.3016650676727295,-0.14409929513931274,-0.38689449429512024,-0.18723824620246887,-0.3314269483089447,-0.18222454190254211,-0.2668066918849945
T,0.0,0.0,0.08201193809509277,-0.07987046241760254,0.14314398169517517,-0.19466692209243774,0.20076575875282288,-0.27475297451019287,0.24701455235481262,-0.35018426179885864,0.06426841020584106,-0.33545732498168945,0.12680411338806152,-0.4176925718784332,0.18321213126182556,-0.4076373279094696,0.22574284672737122,-0.38477832078933716,0.030140340328216553,-0.35672056674957275,0.05280688405036926,-0.5063180029392242,0.07479774951934814,-0.6101813018321991,0.08749997615814209,-0.7033078670501709,-0.006023049354553223,-0.33740735054016113,-0.014612168073654175,-0.4869089126586914,-0.012597322463989258,-0.593800812959671,-0.011193901300430298,-0.6894331276416779,-0.03964272141456604,-0.2896542549133301,-0.06182006001472473,-0.40647435188293457,-0.07057496905326843,-0.4927670359611511,-0.07495591044425964,-0.5703447759151459
T,0.0,0.0,-0.07137435674667358,-0.07676732540130615,-0.12604361772537231,-0.1758098006248474,-0.1851099729537964,-0.23444336652755737,-0.24898551404476166,-0.2720228433609009,-0.052926480770111084,-0.31730812788009644,-0.12999919056892395,-0.3582143783569336,-0.19543518126010895,-0.3424583077430725,-0.245481938123703,-0.32182586193084717,-0.022204041481018066,-0.3323459029197693,-0.05620574951171875,-0.4856899380683899,-0.07507079839706421,-0.5967673659324646,-0.08774974942207336,-0.6917815506458282,0.012891501188278198,-0.3042157292366028,0.032575249671936035,-0.4566524624824524,0.04329812526702881,-0.5588604509830475,0.0453873872756958,-0.6528764367103577,0.04294803738594055,-0.24501466751098633,0.08045178651809692,-0.3518298268318176,0.09884089231491089,-0.43010860681533813,0.10607552528381348,-0.5057112574577332
U,0.0,0.0,-0.06170251965522766,-0.09143370389938354,-0.08606183528900146,-0.19521301984786987,-0.0410650372505188,-0.27981066703796387,0.021692514419555664,-0.2814423441886902,-0.034427255392074585,-0.31429076194763184,-0.03603440523147583,-0.44853484630584717,-0.03265216946601868,-0.5232574939727783,-0.028260648250579834,-0.5901715457439423,0.014813840389251709,-0.3100857734680176,0.017053067684173584,-0.46258625388145447,0.011295199394226074,-0.5532311797142029,0.013838231563568115,-0.6283745169639587,0.06023222208023071,-0.27937936782836914,0.05767679214477539,-0.37651705741882324,0.03090035915374756,-0.2971274256706238,0.02325284481048584,-0.23768925666809082,0.10071408748626709,-0.22813522815704346,0.09662270545959473,-0.3227117657661438,0.06940317153930664,-0.2724379301071167,0.06216394901275635,-0.21900111436843872
U,0.0,0.0,-0.04667919874191284,-0.10682427883148193,-0.0475383996963501,-0.2226390838623047,0.007607966661453247,-0.2874050438404083,0.06768721342086792,-0.26735809445381165,0.03155893087387085,-0.28280752897262573,0.06292539834976196,-0.39232686161994934,0.08578246831893921,-0.4568024277687073,0.1076619029045105,-0.5117761194705963,0.0723997950553894,-0.2675630450248718,0.10384863615036011,-0.3951837420463562,0.1137007474899292,-0.4745118319988251,0.12600600719451904,-0.5371628999710083,0.10541427135467529,-0.23162758350372314,0.1222085952758789,-0.32690250873565674,0.07811719179153442,-0.2717602252960205,0.0488433837890625,-0.21421003341674805,0.13433027267456055,-0.178969144821167,0.14344143867492676,-0.26377883553504944,0.10397404432296753,-0.23952877521514893,0.07133764028549194,-0.19720757007598877
U,0.0,0.0,0.07962462306022644,-0.07044315338134766,0.11795133352279663,-0.17040783166885376,0.1134728193283081,-0.2734885811805725,0.06924766302108765,-0.340107798576355,0.07609128952026367,-0.32747530937194824,0.08558350801467896,-0.4637812376022339,0.0897851288318634,-0.5392843782901764,0.08854886889457703,-0.6154033839702606,0.029572129249572754,-0.33360856771469116,0.04294213652610779,-0.49194610118865967,0.05933043360710144,-0.5880236625671387,0.0690285861492157,-0.6695601046085358,-0.01698160171508789,-0.3100367784500122,-0.009592622518539429,-0.4431911110877991,0.017853885889053345,-0.344295859336853,0.030656933784484863,-0.2627958655357361,-0.06292665004730225,-0.2643388509750366,-0.05899864435195923,-0.3768323063850403,-0.028955847024917603,-0.32388073205947876,-0.013279110193252563,-0.25957292318344116
U,0.0,0.0,0.0886417031288147,-0.0042389631271362305,0.160008043050766,-0.07137715816497803,0.18991345167160034,-0.1595836877822876,0.17217767238616943,-0.23924845457077026,0.1811848282814026,-0.2243688702583313,0.22857367992401123,-0.3285084366798401,0.2526554465293884,-0.39021849632263184,0.2723824977874756,-0.4543921947479248,0.14724218845367432,-0.2600368857383728,0.20394498109817505,-0.3827858567237854,0.24265676736831665,-0.451928973197937,0.2715767025947571,-0.5178236365318298,0.10179030895233154,-0.2700342535972595,0.14793500304222107,-0.3743270933628082,0.1377488672733307,-0.2779959440231323,0.11970579624176025,-0.20653820037841797,0.047475457191467285,-0.26028919219970703,0.09413191676139832,-0.33755338191986084,0.09636187553405762,-0.26885437965393066,0.0818207859992981,-0.2051534652709961
V,0.0,0.0,-0.05298680067062378,-0.0561983585357666,-0.06793910264968872,-0.15678316354751587,-0.001087963581085205,-0.22354823350906372,0.06323939561843872,-0.2580152153968811,-0.05767056345939636,-0.3262752294540405,-0.0920974612236023,-0.4531387984752655,-0.11308678984642029,-0.5357369184494019,-0.12622112035751343,-0.6066035032272339,0.006358802318572998,-0.33119577169418335,0.030662178993225098,-0.47844886779785156,0.04796260595321655,-0.5706424713134766,0.06664532423019409,-0.6516446769237518,0.05348765850067139,-0.2920531630516052,0.07614552974700928,-0.3741495609283447,0.04762876033782959,-0.2953439950942993,0.028925955295562744,-0.23667967319488525,0.09036475419998169,-0.2282225489616394,0.10082501173019409,-0.2863057255744934,0.07131034135818481,-0.23364251852035522,0.049159109592437744,-0.18495529890060425
V,0.0,0.0,-0.053762733936309814,-0.08819955587387085,-0.057946205139160156,-0.22512412071228027,0.0002270340919494629,-0.316278338432312,0.06946170330047607,-0.3456941843032837,-0.024950683116912842,-0.3009679317474365,-0.03973540663719177,-0.4175109267234802,-0.04845455288887024,-0.48592302203178406,-0.05142673850059509,-0.5424627661705017,0.029045283794403076,-0.30053502321243286,0.06668323278427124,-0.43603408336639404,0.08057397603988647,-0.5161867141723633,0.09941303730010986,-0.5749637186527252,0.07179391384124756,-0.27221572399139404,0.09393197298049927,-0.3894168436527252,0.048046231269836426,-0.34081363677978516,0.025094985961914062,-0.28105491399765015,0.10890203714370728,-0.232682466506958,0.11201006174087524,-0.32700884342193604,0.07500267028808594,-0.3067649006843567,0.054395437240600586,-0.2615243196487427
V,0.0,0.0,-0.046456098556518555,0.039411067962646484,-0.06323251128196716,0.03763628005981445,-0.007398247718811035,0.055938780307769775,0.056880950927734375,0.04289352893829346,-0.05228012800216675,-0.14474928379058838,-0.08998888731002808,-0.23580747842788696,-0.12018665671348572,-0.305377721786499,-0.139836847782135,-0.36403942108154297,0.01357877254486084,-0.1613883376121521,0.05294102430343628,-0.24329572916030884,0.08391463756561279,-0.3049004077911377,0.11169421672821045,-0.3715055584907532,0.06496793031692505,-0.14151686429977417,0.08868306875228882,-0.09737294912338257,0.05852687358856201,-0.008298158645629883,0.03412950038909912,0.0142441987991333,0.10482704639434814,-0.11205446720123291,0.1122928261756897,-0.04606658220291138,0.08129626512527466,0.01954352855682373,0.05246710777282715,0.036846041679382324
V,0.0,0.0,0.07573828101158142,-0.05812859535217285,0.11541959643363953,-0.1508185863494873,0.09562334418296814,-0.23497027158737183,0.05682945251464844,-0.30168062448501587,0.08133158087730408,-0.32180851697921753,0.10868224501609802,-0.4497171938419342,0.1204899251461029,-0.5286379754543304,0.12779739499092102,-0.602796196937561,0.024981051683425903,-0.32962197065353394,0.020593225955963135,-0.48682641983032227,0.01868617534637451,-0.5854501128196716,0.014055371284484863,-0.6701284050941467,-0.0273725688457489,-0.299538254737854,-0.02580663561820984,-0.3999064266681671,0.00540432333946228,-0.3093852400779724,0.02129042148590088,-0.23544490337371826,-0.07257288694381714,-0.24333196878433228,-0.06363296508789062,-0.3217376470565796,-0.03166428208351135,-0.26254576444625854,-0.014743715524673462,-0.20192545652389526
V,0.0,0.0,0.07624411582946777,-0.01325380802154541,0.13112297654151917,-0.06803971529006958,0.11518692970275879,-0.13216233253479004,0.06684032082557678,-0.18100005388259888,0.1230582594871521,-0.2573532462120056,0.17553281784057617,-0.36751073598861694,0.206210196018219,-0.44390350580215454,0.23171263933181763,-0.5172899663448334,0.06772911548614502,-0.2751796841621399,0.08312606811523438,-0.41123828291893005,0.0929192304611206,-0.5111846625804901,0.10120278596878052,-0.6050400137901306,0.013505876064300537,-0.25579559803009033,0.02444523572921753,-0.3185915946960449,0.03867653012275696,-0.223480224609375,0.04547017812728882,-0.15289580821990967,-0.038829296827316284,-0.21087944507598877,-0.027950316667556763,-0.25745004415512085,-0.005590111017227173,-0.19214123487472534,0.00860738754272461,-0.13348513841629028
V,0.0,0.0,0.0628436803817749,-0.07602816820144653,0.08978301286697388,-0.18790555000305176,0.07528084516525269,-0.283880352973938,0.040322721004486084,-0.3613493740558624,0.04021695256233215,-0.3049508333206177,0.05072113871574402,-0.42685404419898987,0.05957597494125366,-0.4949663579463959,0.06276357173919678,-0.5576485097408295,-0.002730429172515869,-0.3125497102737427,-0.013063371181488037,-0.467157244682312,-0.010813206434249878,-0.5546333491802216,-0.016779780387878418,-0.625260204076767,-0.04416549205780029,-0.29219526052474976,-0.04711011052131653,-0.4137808680534363,-0.004074722528457642,-0.33602842688560486,0.015717744827270508,-0.2622455954551697,-0.08483651280403137,-0.25378698110580444,-0.08367222547531128,-0.35846638679504395,-0.047764360904693604,-0.3163006901741028,-0.02917611598968506,-0.2568674087524414
X,0.0,0.0,-0.06308192014694214,-0.11693447828292847,-0.08908796310424805,-0.23490923643112183,-0.09666481614112854,-0.317854106426239,-0.10047358274459839,-0.38589155673980713,-0.004012107849121094,-0.3226866126060486,-0.04480057954788208,-0.44437676668167114,-0.11504381895065308,-0.46146056056022644,-0.165052592754364,-0.4352502226829529,0.015499711036682129,-0.2680342197418213,-0.12668728828430176,-0.2824175953865051,-0.14115270972251892,-0.2125718593597412,-0.10765323042869568,-0.1861754059791565,0.012879014015197754,-0.19571876525878906,-0.13239920139312744,-0.18716061115264893,-0.12791764736175537,-0.13573426008224487,-0.08971673250198364,-0.1318870186805725,-0.0037820935249328613,-0.1236385703086853,-0.11870497465133667,-0.1124914288520813,-0.10954368114471436,-0.07760733366012573,-0.06946557760238647,-0.07699710130691528
X,0.0,0.0,-0.07404971122741699,-0.10358178615570068,-0.0938425362110138,-0.23788976669311523,-0.08149537444114685,-0.33719402551651,-0.07674607634544373,-0.4165187478065491,-0.013478279113769531,-0.3474732041358948,-0.04590731859207153,-0.4677565097808838,-0.09885576367378235,-0.4707748293876648,-0.13645103573799133,-0.4314049184322357,0.03986567258834839,-0.32211822271347046,-0.06567969918251038,-0.3148799538612366,-0.09794819355010986,-0.2216077446937561,-0.08398234844207764,-0.1786237359046936,0.07065409421920776,-0.26047879457473755,-0.04202145338058472,-0.2282123565673828,-0.06365016102790833,-0.15536528825759888,-0.04542222619056702,-0.13848865032196045,0.08153665065765381,-0.18728697299957275,-0.009272009134292603,-0.15815460681915283,-0.029577910900115967,-0.11287903785705566,-0.014140874147415161,-0.10548323392868042
X,0.0,0.0,0.060682088136672974,-0.10873430967330933,0.10100036859512329,-0.2260662317276001,0.13541516661643982,-0.3177010416984558,0.16010943055152893,-0.3723396360874176,0.061599522829055786,-0.3404099941253662,0.13377204537391663,-0.4591340124607086,0.195610910654068,-0.4436025023460388,0.22532537579536438,-0.3921594023704529,0.050300776958465576,-0.2921093702316284,0.2086752951145172,-0.29487326741218567,0.19290974736213684,-0.2285064458847046,0.14770397543907166,-0.22084718942642212,0.05102100968360901,-0.21899890899658203,0.20639005303382874,-0.19215905666351318,0.17380067706108093,-0.14334571361541748,0.12951889634132385,-0.15079587697982788,0.06133869290351868,-0.13676637411117554,0.1782921850681305,-0.11919128894805908,0.15408918261528015,-0.08383232355117798,0.11293262243270874,-0.08905589580535889
X,0.0,0.0,0.11053246259689331,-0.09189862012863159,0.1462714672088623,-0.23084592819213867,0.1509367823600769,-0.33944594860076904,0.14440810680389404,-0.42381805181503296,0.07456940412521362,-0.37277841567993164,0.12151306867599487,-0.49803221225738525,0.18254590034484863,-0.49768131971359253,0.2184067964553833,-0.4414726495742798,0.03104931116104126,-0.35623329877853394,0.16611123085021973,-0.35054171085357666,0.17593979835510254,-0.24437302350997925,0.14711463451385498,-0.18919146060943604,0.007274985313415527,-0.31056201457977295,0.1475319266319275,-0.2736437916755676,0.14513492584228516,-0.18042922019958496,0.11689972877502441,-0.14886999130249023,0.001536726951599121,-0.24803322553634644,0.11453133821487427,-0.2138071060180664,0.11160582304000854,-0.149120032787323,0.08468061685562134,-0.1319810152053833
X,0.0,0.0,0.07633474469184875,-0.1058158278465271,0.11091926693916321,-0.2215052843093872,0.13061055541038513,-0.3143814206123352,0.14809486269950867,-0.385395348072052,0.043507158756256104,-0.33472663164138794,0.10647478699684143,-0.4476865530014038,0.1712869107723236,-0.45509272813796997,0.21557369828224182,-0.4257206320762634,0.028401583433151245,-0.3068309426307678,0.17243674397468567,-0.30935031175613403,0.1662856638431549,-0.24114912748336792,0.13087210059165955,-0.22117304801940918,0.029497534036636353,-0.2520664930343628,0.17260834574699402,-0.21659260988235474,0.1495964229106903,-0.1564488410949707,0.11303141713142395,-0.15333282947540283,0.044484078884124756,-0.18655860424041748,0.15213796496391296,-0.1421852707862854,0.1326146423816681,-0.09338659048080444,0.09640476107597351,-0.09181147813796997
Y,0.0,0.0,-0.08176940679550171,-0.04093050956726074,-0.14836779236793518,-0.1075933575630188,-0.2010759711265564,-0.17341071367263794,-0.2377658188343048,-0.2168365716934204,-0.08310815691947937,-0.22525155544281006,-0.0894705057144165,-0.29609936475753784,-0.07820594310760498,-0.22531938552856445,-0.0721055269241333,-0.16641879081726074,-0.03888517618179321,-0.24010485410690308,-0.0470958948135376,-0.2952048182487488,-0.04263073205947876,-0.20444273948669434,-0.04332047700881958,-0.15691649913787842,0.0054247379302978516,-0.2455461025238037,0.0021327733993530273,-0.3204501271247864,-0.003583192825317383,-0.24446547031402588,-0.01101696491241455,-0.19199591875076294,0.04387164115905762,-0.23860597610473633,0.05749475955963135,-0.3242643475532532,0.06247788667678833,-0.37439051270484924,0.0631827712059021,-0.43358078598976135
Y,0.0,0.0,0.09342193603515625,-0.07143968343734741,0.16821473836898804,-0.18250060081481934,0.22955036163330078,-0.26029685139656067,0.27985984086990356,-0.3208571672439575,0.06326538324356079,-0.323871374130249,0.10873216390609741,-0.3656265437602997,0.10862475633621216,-0.25714561343193054,0.100350022315979,-0.1847655177116394,0.002905428409576416,-0.3168448805809021,0.05555593967437744,-0.3399546146392822,0.061862289905548096,-0.21647030115127563,0.05517935752868652,-0.1379326581954956,-0.0509260892868042,-0.2893044650554657,-0.013249725103378296,-0.3216569423675537,0.009225904941558838,-0.21018916368484497,0.016701459884643555,-0.13608500361442566,-0.09846991300582886,-0.25335007905960083,-0.11628192663192749,-0.3584764003753662,-0.11638176441192627,-0.42506416141986847,-0.11234387755393982,-0.48965898156166077
Y,0.0,0.0,0.09373989701271057,-0.04779529571533203,0.18061333894729614,-0.15465986728668213,0.24858909845352173,-0.22081899642944336,0.30155593156814575,-0.27409806847572327,0.10609015822410583,-0.3084348440170288,0.15749239921569824,-0.35702115297317505,0.14939188957214355,-0.2530985474586487,0.13410532474517822,-0.17694294452667236,0.05227044224739075,-0.3161928057670593,0.10708823800086975,-0.34913426637649536,0.10121163725852966,-0.22373604774475098,0.08692529797554016,-0.13868850469589233,-0.0035008788108825684,-0.31081873178482056,0.04463031888008118,-0.358951598405838,0.05024316906929016,-0.24044489860534668,0.04475352168083191,-0.1556386947631836,-0.060930728912353516,-0.29414045810699463,-0.0583377480506897,-0.41092967987060547,-0.036552995443344116,-0.47617098689079285,-0.008085072040557861,-0.5341020822525024
